"old_url","old_path","page_type","discovered_via","migration_status","new_path","redirect_301","http_status","notes"
"https://www.phonerepairs.nl/","/","home","search-index","mapped","/","no","blocked","Homepage. Model menu (iPhone 7 … Galaxy S26 Ultra) and 'vanaf €60' claim seen in search snippet."
"https://www.phonerepairs.nl/afspraak-maken/","/afspraak-maken/","booking","search-index","mapped","/afspraak","yes","not fetched",""
"https://www.phonerepairs.nl/over-phone-repairs/","/over-phone-repairs/","info","search-index","mapped","/over-ons","yes","not fetched","Original about text not yet extracted."
"https://www.phonerepairs.nl/samsung-reparatie-den-bosch/","/samsung-reparatie-den-bosch/","brand","inferred","mapped","/reparaties/samsung","yes","not fetched","Parent of the S23 page; existence not confirmed."
"https://www.phonerepairs.nl/samsung-reparatie-den-bosch/samsung-s23/","/samsung-reparatie-den-bosch/samsung-s23/","device","search-index","mapped","/reparaties/samsung/galaxy-s23","yes","not fetched","Device page pattern: /samsung-reparatie-den-bosch/<model>/. Prices on page not yet extracted."
"https://www.phonerepairs.nl/telefoon-reparatie-den-bosch/","/telefoon-reparatie-den-bosch/","brand","search-index","mapped","/reparaties/apple","yes","not fetched","Strong local-SEO page. Decide before launch: keep as dedicated landing page on the same URL, or merge its copy into /reparaties/apple."
"https://www.phonerepairs.nl/telefoon-reparatie-helftheuvel/","/telefoon-reparatie-helftheuvel/","area","search-index","discovered","","no","not fetched","Area landing page. Keep on the same URL via an area template once content is extracted."
"https://www.phonerepairs.nl/telefoon-reparatie-rompert/","/telefoon-reparatie-rompert/","area","search-index","discovered","","no","not fetched","Area landing page. Keep on the same URL via an area template once content is extracted."
"https://www.phonerepairs.nl/telefoon-reparatie-rosmalen/","/telefoon-reparatie-rosmalen/","area","search-index","discovered","","no","not fetched","Area landing page. Keep on the same URL via an area template once content is extracted."
"https://www.phonerepairs.nl/telefoon-smartphone-reparatie-den-bosch/","/telefoon-smartphone-reparatie-den-bosch/","info","search-index","mapped","/reparaties","yes","not fetched",""
"https://www.phonerepairs.nl/veelgestelde-vragen/","/veelgestelde-vragen/","faq","inferred","mapped","/veelgestelde-vragen","no","not fetched","Parent of an FAQ page; existence not confirmed. Same path on the new site."
"https://www.phonerepairs.nl/veelgestelde-vragen/links-iphone-reparatie/","/veelgestelde-vragen/links-iphone-reparatie/","faq","search-index","discovered","","no","not fetched","Individual FAQ/info page under /veelgestelde-vragen/. Content not yet extracted."
"https://www.phonerepairs.nl/welkom-bij-phone-repairs-den-bosch/","/welkom-bij-phone-repairs-den-bosch/","blog","search-index","discovered","","no","not fetched","Likely a blog/news post. Needs blog template decision."
